SET SQL_MODE = "NO_AUTO_VALUE_ON_ZERO";
START TRANSACTION;
SET time_zone = "+00:00";
/*!40101 SET @OLD_CHARACTER_SET_CLIENT=@@CHARACTER_SET_CLIENT */;
/*!40101 SET @OLD_CHARACTER_SET_RESULTS=@@CHARACTER_SET_RESULTS */;
/*!40101 SET @OLD_COLLATION_CONNECTION=@@COLLATION_CONNECTION */;
/*!40101 SET NAMES utf8mb4 */;

-- Aguirre Mariela, Rodrigo Solis
-- Base de datos: `instituto_db`
--

--
-- Volcado de datos para la tabla `roles`
--

INSERT INTO `roles` (`id`, `descripcion`, `created_at`, `updated_at`) VALUES
(1, 'Administrador', NULL, NULL),
(2, 'Supervisor', NULL, NULL),
(3, 'Instituto', NULL, NULL);
--
-- Volcado de datos para la tabla `tipo_institutos`
--

INSERT INTO `tipo_institutos` (`id`, `descripcion`, `activo`, `created_at`, `updated_at`) VALUES
(1, 'Institución de ETP', 1, '2025-09-22 18:21:02', '2025-09-22 18:21:02'),
(2, 'Estatal', 1, '2025-09-22 18:21:02', '2025-09-22 18:21:02'),
(3, 'Otro Nivel y/o Modalidad', 1, '2025-09-22 18:21:02', '2025-09-22 18:21:02');
--
-- Volcado de datos para la tabla `estados`
--

INSERT INTO `estados` (`id`, `descripcion`, `created_at`, `updated_at`) VALUES
(1, 'Pendiente', NULL, NULL),
(2, 'Enviado', NULL, NULL),
(3, 'Aprobado', NULL, NULL),
(4, 'Rechazado', NULL, NULL);

--
INSERT INTO `provincias` (`id`, `descripcion`, `created_at`, `updated_at`) VALUES
(1, 'Buenos Aires', NULL, NULL),
(2, 'CABA', NULL, NULL),
(3, 'Catamarca', NULL, NULL),
(4, 'Chaco', NULL, NULL),
(5, 'Chubut', NULL, NULL),
(6, 'Córdoba', NULL, NULL),
(7, 'Corrientes', NULL, NULL),
(8, 'Entre Ríos', NULL, NULL),
(9, 'Formosa', NULL, NULL),
(10, 'Jujuy', NULL, NULL),
(11, 'La Pampa', NULL, NULL),
(12, 'La Rioja', NULL, NULL),
(13, 'Mendoza', NULL, NULL),
(14, 'Misiones', NULL, NULL),
(15, 'Neuquén', NULL, NULL),
(16, 'Rio Negro', NULL, NULL),
(17, 'Salta', NULL, NULL),
(18, 'San Juan', NULL, NULL),
(19, 'San Luis', NULL, NULL),
(20, 'Santa Cruz', NULL, NULL),
(21, 'Santa Fe', NULL, NULL),
(22, 'Santiago del Estero', NULL, NULL),
(23, 'Tierra del Fuego', NULL, NULL),
(24, 'Tucumán', NULL, NULL);



INSERT INTO `departamentos` (`id`, `descripcion`, `provincia_id`, `created_at`, `updated_at`) VALUES
(1, 'Loberia', 1, NULL, NULL),
(2, 'Hurlingham', 1, NULL, NULL),
(3, 'General Pueyrredon', 1, NULL, NULL),
(4, 'General Pinto', 1, NULL, NULL),
(5, 'Punta Indio', 1, NULL, NULL),
(6, 'Bragado', 1, NULL, NULL),
(7, 'San Nicolas', 1, NULL, NULL),
(8, 'Carlos Casares', 1, NULL, NULL),
(9, 'Lomas de Zamora', 1, NULL, NULL),
(10, 'General Viamonte', 1, NULL, NULL),
(11, 'General Rodriguez', 1, NULL, NULL),
(12, 'Gral. Juan Madariaga', 1, NULL, NULL),
(13, 'San Vicente', 1, NULL, NULL),
(14, 'General Las Heras', 1, NULL, NULL),
(15, 'San Pedro', 1, NULL, NULL),
(16, 'Chascomús', 1, NULL, NULL),
(17, 'Coronel Suarez', 1, NULL, NULL),
(18, 'Zárate', 1, NULL, NULL),
(19, 'Morón', 1, NULL, NULL),
(20, 'La Plata', 1, NULL, NULL),
(21, 'San Fernando', 1, NULL, NULL),
(22, 'Adolfo Gonzales Chaves', 1, NULL, NULL),
(23, 'Puan', 1, NULL, NULL),
(24, 'Carlos Tejedor', 1, NULL, NULL),
(25, 'Coronel Pringles', 1, NULL, NULL),
(26, 'Tapalqué', 1, NULL, NULL),
(27, 'La Costa', 1, NULL, NULL),
(28, 'Salto', 1, NULL, NULL),
(29, 'Dolores', 1, NULL, NULL),
(30, 'Brandsen', 1, NULL, NULL),
(31, 'Capitán Sarmiento', 1, NULL, NULL),
(32, 'Mar Chiquita', 1, NULL, NULL),
(33, 'Chacabuco', 1, NULL, NULL),
(34, 'La Matanza', 1, NULL, NULL),
(35, 'Almirante Brown', 1, NULL, NULL),
(36, 'Rauch', 1, NULL, NULL),
(37, 'Tres de Febrero', 1, NULL, NULL),
(38, 'Luján', 1, NULL, NULL),
(39, 'Gral. Lamadrid', 1, NULL, NULL),
(40, 'San Miguel', 1, NULL, NULL),
(41, 'Ayacucho', 1, NULL, NULL),
(42, 'Colón', 1, NULL, NULL),
(43, 'Trenque Lauquen', 1, NULL, NULL),
(44, 'Pilar', 1, NULL, NULL),
(45, 'Guamini', 1, NULL, NULL),
(46, 'Rojas', 1, NULL, NULL),
(47, 'Lanús', 1, NULL, NULL),
(48, 'Tornquist', 1, NULL, NULL),
(49, 'San Cayetano', 1, NULL, NULL),
(50, 'San Isidro', 1, NULL, NULL),
(51, 'Moreno', 1, NULL, NULL),
(52, 'Baradero', 1, NULL, NULL),
(53, 'Vicente López', 1, NULL, NULL),
(54, 'Salliquelo', 1, NULL, NULL),
(55, 'Las Flores', 1, NULL, NULL),
(56, 'Tandil', 1, NULL, NULL),
(57, 'General Alvarado', 1, NULL, NULL),
(58, 'Bahía Blanca', 1, NULL, NULL),
(59, 'Florencio Varela', 1, NULL, NULL),
(60, 'Campana', 1, NULL, NULL),
(61, 'Villa Gesell', 1, NULL, NULL),
(62, 'Florentino Ameghino', 1, NULL, NULL),
(63, 'Lezama', 1, NULL, NULL),
(64, 'Presidente Péron', 1, NULL, NULL),
(65, 'Roque Pérez', 1, NULL, NULL),
(66, 'Ramallo', 1, NULL, NULL),
(67, 'Tres Lomas', 1, NULL, NULL),
(68, 'Coronel Dorrego', 1, NULL, NULL),
(69, 'Haedo', 1, NULL, NULL),
(70, 'Leando N. Alem', 1, NULL, NULL),
(71, 'General Obligado', 1, NULL, NULL),
(72, 'Avellaneda', 1, NULL, NULL),
(73, 'San Nicolás de los Arroyos', 1, NULL, NULL),
(74, 'General Alvarado', 1, NULL, NULL),
(75, 'La Costa', 1, NULL, NULL),
(76, 'Puan', 1, NULL, NULL),
(77, 'La Plata', 1, NULL, NULL),
(78, 'CABA', 2, NULL, NULL),
(79, 'La Paz', 3, NULL, NULL),
(80, 'Andalgalá', 3, NULL, NULL),
(81, 'Belén', 3, NULL, NULL),
(82, 'Capayán', 3, NULL, NULL),
(83, 'Pomán', 3, NULL, NULL),
(84, 'Valle Viejo', 3, NULL, NULL),
(85, 'Capital', 3, NULL, NULL),
(86, 'Valle Viejo', 3, NULL, NULL),
(87, 'San Justo', 6, NULL, NULL),
(88, 'Punilla', 6, NULL, NULL),
(89, 'General San Martín', 6, NULL, NULL),
(90, 'Punilla', 6, NULL, NULL),
(91, 'Unión', 6, NULL, NULL),
(92, 'Río Primero', 6, NULL, NULL),
(93, 'Rio Primero', 6, NULL, NULL),
(94, 'Río II', 6, NULL, NULL),
(95, 'Juárez Celman', 6, NULL, NULL),
(96, 'Cruz del Eje', 6, NULL, NULL),
(97, 'Capital', 6, NULL, NULL),
(98, 'San Javier', 6, NULL, NULL),
(99, 'Rio Cuarto', 6, NULL, NULL),
(100, 'Rio Segundo', 6, NULL, NULL),
(101, 'Colón', 6, NULL, NULL),
(102, 'Tercero Arriba', 6, NULL, NULL),
(103, 'Marcos Juarez', 6, NULL, NULL),
(104, 'Ischilín', 6, NULL, NULL),
(105, 'Calamuchita', 6, NULL, NULL),
(106, 'Sobremonte', 6, NULL, NULL),
(107, 'Capital', 7, NULL, NULL),
(108, 'Curuzú Cuatiá', 7, NULL, NULL),
(109, 'Santo Tomé', 7, NULL, NULL),
(110, 'Esquina', 7, NULL, NULL),
(111, 'Mercedes', 7, NULL, NULL),
(112, 'Paso de los Libres', 7, NULL, NULL),
(113, 'Empedrado', 7, NULL, NULL),
(114, 'San Roque', 7, NULL, NULL),
(115, 'General Paz', 7, NULL, NULL),
(116, 'Lavalle', 7, NULL, NULL),
(117, 'Itatí', 7, NULL, NULL),
(118, 'Saladas', 7, NULL, NULL),
(119, 'Ensaladas', 7, NULL, NULL),
(120, 'San Fernando', 4, NULL, NULL),
(121, 'Comandante Fernández', 4, NULL, NULL),
(122, 'Libertador General de San Martín', 4, NULL, NULL),
(123, 'Mayor Jorge Luis Fontana', 4, NULL, NULL),
(124, 'Gral. Güemes', 4, NULL, NULL),
(125, 'Libertad', 4, NULL, NULL),
(126, 'Chacabuco', 4, NULL, NULL),
(127, 'Bermejo', 4, NULL, NULL),
(128, 'Sargento Cabral', 4, NULL, NULL),
(129, 'Libertador General de San Martín', 4, NULL, NULL),
(130, 'Alcalde Jorge Luis Fontana', 4, NULL, NULL),
(131, 'Rawson', 5, NULL, NULL),
(132, 'Escalante', 5, NULL, NULL),
(133, 'Biedma', 5, NULL, NULL),
(134, 'Cushamen', 5, NULL, NULL),
(135, 'Futaleufú', 5, NULL, NULL),
(136, 'Gaiman', 5, NULL, NULL),
(137, 'Gastre', 5, NULL, NULL),
(138, 'Languiñeo', 5, NULL, NULL),
(139, 'Mártires', 5, NULL, NULL),
(140, 'Paso de Indios', 5, NULL, NULL),
(141, 'Río Senguerr', 5, NULL, NULL),
(142, 'Sarmiento', 5, NULL, NULL),
(143, 'Tehuelches', 5, NULL, NULL),
(144, 'Telsen', 5, NULL, NULL),
(145, 'Paraná', 8, NULL, NULL),
(146, 'Islas del Ibicuy', 8, NULL, NULL),
(147, 'Feliciano', 8, NULL, NULL),
(148, 'Tala', 8, NULL, NULL),
(149, 'Gualeguaychú', 8, NULL, NULL),
(150, 'Diamante', 8, NULL, NULL),
(151, 'Federal', 8, NULL, NULL),
(152, 'La Paz', 8, NULL, NULL),
(153, 'Nogoyá', 8, NULL, NULL),
(154, 'Concordia', 8, NULL, NULL),
(155, 'Gualeguay', 8, NULL, NULL),
(156, 'Victoria', 8, NULL, NULL),
(157, 'Villaguay', 8, NULL, NULL),
(158, 'Federación', 8, NULL, NULL),
(159, 'Ledesma', 10, NULL, NULL),
(160, 'Cochinoca', 10, NULL, NULL),
(161, 'Dr. Manuel Belgrano', 10, NULL, NULL),
(162, 'San Pedro', 10, NULL, NULL),
(163, 'Yavi', 10, NULL, NULL),
(164, 'San Carlos', 13, NULL, NULL),
(165, 'Luján de Cuyo', 13, NULL, NULL),
(166, 'Santa Rosa', 13, NULL, NULL),
(167, 'General Alvear', 13, NULL, NULL),
(168, 'Guaymallén', 13, NULL, NULL),
(169, 'Capital', 13, NULL, NULL),
(170, 'San Rafael', 13, NULL, NULL),
(171, 'Tunuyán', 13, NULL, NULL),
(172, 'Rivadavia', 13, NULL, NULL),
(173, 'Luján de Cuyo', 13, NULL, NULL),
(174, 'Santa Rosa', 13, NULL, NULL),
(175, 'General Alvear', 13, NULL, NULL),
(176, 'San Martin', 13, NULL, NULL),
(177, 'Lavalle', 13, NULL, NULL),
(178, 'Tupungato', 13, NULL, NULL),
(179, 'Malargüe', 13, NULL, NULL),
(180, 'Maipú', 13, NULL, NULL),
(181, 'Las Heras', 13, NULL, NULL),
(182, 'Godoy Cruz', 13, NULL, NULL),
(183, 'San Martín', 13, NULL, NULL),
(184, 'Leandro N. Alem', 14, NULL, NULL),
(185, 'Capital', 14, NULL, NULL),
(186, 'Eldorado', 14, NULL, NULL),
(187, 'Iguazú', 14, NULL, NULL),
(188, 'Oberá', 14, NULL, NULL),
(189, 'San Ignacio', 14, NULL, NULL),
(190, '25 de Mayo', 14, NULL, NULL),
(191, 'Cainguás', 14, NULL, NULL),
(192, 'Libertador General San Martín', 14, NULL, NULL),
(193, 'San Pedro', 14, NULL, NULL),
(194, 'Montecarlo', 14, NULL, NULL),
(195, 'San Javier', 14, NULL, NULL),
(196, 'Guaraní', 14, NULL, NULL),
(197, 'San Martín', 14, NULL, NULL),
(198, 'Candelaria', 14, NULL, NULL),
(199, 'Concepción', 14, NULL, NULL),
(200, 'Apóstoles', 14, NULL, NULL),
(201, 'Confluencia', 15, NULL, NULL),
(202, 'Zapala', 15, NULL, NULL),
(203, 'Los Lagos', 15, NULL, NULL),
(204, 'Picún Leufú', 15, NULL, NULL),
(205, 'Lácar', 15, NULL, NULL),
(206, 'Huiliches', 15, NULL, NULL),
(207, 'Aluminé', 15, NULL, NULL),
(208, 'Añelo', 15, NULL, NULL),
(209, 'Catán Lil', 15, NULL, NULL),
(210, 'Chos Malal', 15, NULL, NULL),
(211, 'Collón Curá', 15, NULL, NULL),
(212, 'Loncopué', 15, NULL, NULL),
(213, 'Minas', 15, NULL, NULL),
(214, 'Ñorquín', 15, NULL, NULL),
(215, 'Pehuenches', 15, NULL, NULL),
(216, 'Picunches', 15, NULL, NULL),
(217, 'General Roca', 16, NULL, NULL),
(218, 'San Carlos de Bariloche', 16, NULL, NULL),
(219, 'San Antonio Oeste', 16, NULL, NULL),
(220, 'Avellaneda', 16, NULL, NULL),
(221, 'El Cuy', 16, NULL, NULL),
(222, 'Veinticinco de Mayo', 16, NULL, NULL),
(223, 'Pichi Mahuida', 16, NULL, NULL),
(224, 'Valcheta', 16, NULL, NULL),
(225, 'Ñorquinco', 16, NULL, NULL),
(226, 'Pilcaniyeu', 16, NULL, NULL),
(227, 'Nueve de Julio', 16, NULL, NULL),
(228, 'Adolfo Alsina', 16, NULL, NULL),
(229, 'Cinco Saltos', 16, NULL, NULL),
(230, 'Bariloche', 16, NULL, NULL),
(231, 'San Antonio', 16, NULL, NULL),
(232, '25 de Mayo', 16, NULL, NULL),
(233, 'Ñorquincó', 16, NULL, NULL),
(234, '9 de Julio', 16, NULL, NULL),
(235, 'General José de San Martín', 17, NULL, NULL),
(236, 'Capital', 17, NULL, NULL),
(237, 'Rosario de Lerma', 17, NULL, NULL),
(238, 'Orán', 17, NULL, NULL),
(239, 'General Güemes', 17, NULL, NULL),
(240, 'Anta', 17, NULL, NULL),
(241, 'Chicoana', 17, NULL, NULL),
(242, 'Rosario de la Frontera', 17, NULL, NULL),
(243, 'Cachi', 17, NULL, NULL),
(244, 'San Justo', 21, NULL, NULL),
(245, 'Iriondo', 21, NULL, NULL),
(246, 'Rosario', 21, NULL, NULL),
(247, 'La Capital', 21, NULL, NULL),
(248, 'General López', 21, NULL, NULL),
(249, 'Las Colonias', 21, NULL, NULL),
(250, 'San Lorenzo', 21, NULL, NULL),
(251, 'San Cristóbal', 21, NULL, NULL),
(252, 'Vera', 21, NULL, NULL),
(253, 'General Obligado', 21, NULL, NULL),
(254, 'Castellanos', 21, NULL, NULL),
(255, 'San Martín', 21, NULL, NULL),
(256, 'Nueve de Julio', 21, NULL, NULL),
(257, 'San Jerónimo', 21, NULL, NULL),
(258, 'Caseros', 21, NULL, NULL),
(259, 'Belgrano', 21, NULL, NULL),
(260, 'Robles', 22, NULL, NULL),
(261, 'Capital', 22, NULL, NULL),
(262, 'Banda', 22, NULL, NULL),
(263, 'Figueroa', 22, NULL, NULL),
(264, 'Choya', 22, NULL, NULL),
(265, 'Añatuya', 22, NULL, NULL),
(266, 'General Taboada', 22, NULL, NULL),
(267, 'Sarmiento', 22, NULL, NULL),
(268, 'San Martín', 22, NULL, NULL),
(269, 'Salavina', 22, NULL, NULL),
(270, 'Avellaneda', 22, NULL, NULL),
(271, 'Guasayán', 22, NULL, NULL),
(272, 'Copo', 22, NULL, NULL),
(273, 'Pellegrini', 22, NULL, NULL),
(274, 'Jiménez', 22, NULL, NULL),
(275, 'Atamisqui', 22, NULL, NULL),
(276, 'Aguirre', 22, NULL, NULL),
(277, 'Rivadavia', 22, NULL, NULL),
(278, 'Mitre', 22, NULL, NULL),
(279, 'Quebrachos', 22, NULL, NULL),
(280, 'Juan F. Ibarra', 22, NULL, NULL),
(281, 'Juan Felipe Ibarra', 22, NULL, NULL),
(282, 'Loreto', 22, NULL, NULL),
(283, 'Ojo de Agua', 22, NULL, NULL),
(284, 'San Martín', 22, NULL, NULL),
(285, 'Salavina', 22, NULL, NULL),
(286, 'Avellaneda', 22, NULL, NULL),
(287, 'Santiago del Estero', 22, NULL, NULL),
(288, 'Río Grande', 23, NULL, NULL),
(289, 'Ushuaia', 23, NULL, NULL),
(290, 'Capital', 24, NULL, NULL),
(291, 'Chicligasta', 24, NULL, NULL),
(292, 'Monteros', 24, NULL, NULL),
(293, 'Tafí Viejo', 24, NULL, NULL),
(294, 'Cruz Alta', 24, NULL, NULL),
(295, 'Burruyacú', 24, NULL, NULL),
(296, 'Trancas', 24, NULL, NULL),
(297, 'Yerba Buena', 24, NULL, NULL),
(298, 'Leales', 24, NULL, NULL),
(299, 'Lules', 24, NULL, NULL),
(300, 'Famaillá', 24, NULL, NULL),
(301, 'Río Chico', 24, NULL, NULL),
(302, 'Simoca', 24, NULL, NULL),
(303, 'Tafí del Valle', 24, NULL, NULL),
(304, 'Graneros', 24, NULL, NULL),
(305, 'La Cocha', 24, NULL, NULL),
(306, 'Juan B. Alberdi', 24, NULL, NULL),
(307, 'Cruz Alta', 24, NULL, NULL),
(308, 'Juan Francisco Borges', 24, NULL, NULL);


--
-- Volcado de datos para la tabla `localidades`
--

INSERT INTO `localidades` (`id`, `descripcion`, `provincia_id`, `departamento_id`, `created_at`, `updated_at`) VALUES
(1, 'Loberia', 1, 1, '2025-10-27 20:32:06', '2025-10-27 20:32:06'),
(2, 'Hurlingham', 1, 2, '2025-10-27 20:32:06', '2025-10-27 20:32:06'),
(3, 'Mar del Plata', 1, 3, '2025-10-27 20:32:06', '2025-10-27 20:32:06'),
(4, 'General Pinto', 1, 4, '2025-10-27 20:32:06', '2025-10-27 20:32:06'),
(5, 'Veronica', 1, 5, '2025-10-27 20:32:06', '2025-10-27 20:32:06'),
(6, 'Bragado', 1, 6, '2025-10-27 20:32:06', '2025-10-27 20:32:06'),
(7, 'San Nicolás de los Arroyos', 1, 7, '2025-10-27 20:32:06', '2025-10-27 20:32:06'),
(8, 'Carlos Casares', 1, 8, '2025-10-27 20:32:06', '2025-10-27 20:32:06'),
(9, 'Lomas de Zamora', 1, 9, '2025-10-27 20:32:06', '2025-10-27 20:32:06'),
(10, 'Los Toldos', 1, 10, '2025-10-27 20:32:06', '2025-10-27 20:32:06'),
(11, 'General Rodriguez', 1, 11, '2025-10-27 20:32:06', '2025-10-27 20:32:06'),
(12, 'Gral Madariaga', 1, 12, '2025-10-27 20:32:06', '2025-10-27 20:32:06'),
(13, 'Alejandro Korn', 1, 13, '2025-10-27 20:32:06', '2025-10-27 20:32:06'),
(14, 'Gral. Las Heras', 1, 14, '2025-10-27 20:32:06', '2025-10-27 20:32:06'),
(15, 'San Pedro', 1, 15, '2025-10-27 20:32:06', '2025-10-27 20:32:06'),
(16, 'Chascomús', 1, 16, '2025-10-27 20:32:06', '2025-10-27 20:32:06'),
(17, 'Coronel Suárez', 1, 17, '2025-10-27 20:32:06', '2025-10-27 20:32:06'),
(18, 'Zárate', 1, 18, '2025-10-27 20:32:06', '2025-10-27 20:32:06'),
(19, 'Morón', 1, 19, '2025-10-27 20:32:06', '2025-10-27 20:32:06'),
(20, 'La Plata', 1, 77, '2025-10-27 20:32:06', '2025-10-27 20:32:06'),
(21, 'San Fernando', 1, 21, '2025-10-27 20:32:06', '2025-10-27 20:32:06'),
(22, 'Adolfo G. Chaves', 1, 22, '2025-10-27 20:32:06', '2025-10-27 20:32:06'),
(23, 'Darregueira', 1, 76, '2025-10-27 20:32:06', '2025-10-27 20:32:06'),
(24, 'Carlos Tejedor', 1, 24, '2025-10-27 20:32:06', '2025-10-27 20:32:06'),
(25, 'Coronel Pringles', 1, 25, '2025-10-27 20:32:06', '2025-10-27 20:32:06'),
(26, 'Tapalqué', 1, 26, '2025-10-27 20:32:06', '2025-10-27 20:32:06'),
(27, 'Mar de Ajó', 1, 75, '2025-10-27 20:32:06', '2025-10-27 20:32:06'),
(28, 'Salto', 1, 28, '2025-10-27 20:32:06', '2025-10-27 20:32:06'),
(29, 'Dolores', 1, 29, '2025-10-27 20:32:06', '2025-10-27 20:32:06'),
(30, 'Brandsen', 1, 30, '2025-10-27 20:32:06', '2025-10-27 20:32:06'),
(31, 'Capitán Sarmiento', 1, 31, '2025-10-27 20:32:06', '2025-10-27 20:32:06'),
(32, 'Coronel Vidal', 1, 32, '2025-10-27 20:32:06', '2025-10-27 20:32:06'),
(33, 'Chacabuco', 1, 33, '2025-10-27 20:32:06', '2025-10-27 20:32:06'),
(34, 'Gregorio De La Ferrere', 1, 34, '2025-10-27 20:32:06', '2025-10-27 20:32:06'),
(35, 'Resplandor', 1, 35, '2025-10-27 20:32:06', '2025-10-27 20:32:06'),
(36, 'Glew', 1, 35, '2025-10-27 20:32:06', '2025-10-27 20:32:06'),
(37, 'Rauch', 1, 36, '2025-10-27 20:32:06', '2025-10-27 20:32:06'),
(38, 'Santos Lugares', 1, 37, '2025-10-27 20:32:06', '2025-10-27 20:32:06'),
(39, 'Lujan', 1, 38, '2025-10-27 20:32:06', '2025-10-27 20:32:06'),
(40, 'General La Madrid', 1, 39, '2025-10-27 20:32:06', '2025-10-27 20:32:06'),
(41, 'San Miguel', 1, 40, '2025-10-27 20:32:06', '2025-10-27 20:32:06'),
(42, 'Ayacucho', 1, 41, '2025-10-27 20:32:06', '2025-10-27 20:32:06'),
(43, 'Colón', 1, 42, '2025-10-27 20:32:06', '2025-10-27 20:32:06'),
(44, 'Coronel Dorrego', 1, 68, '2025-10-27 20:32:06', '2025-10-27 20:32:06'),
(45, 'Trenque Lauquen', 1, 43, '2025-10-27 20:32:06', '2025-10-27 20:32:06'),
(46, 'Pilar', 1, 44, '2025-10-27 20:32:06', '2025-10-27 20:32:06'),
(47, 'Guamini', 1, 45, '2025-10-27 20:32:06', '2025-10-27 20:32:06'),
(48, 'Rojas', 1, 46, '2025-10-27 20:32:06', '2025-10-27 20:32:06'),
(49, 'Lanús Este', 1, 47, '2025-10-27 20:32:06', '2025-10-27 20:32:06'),
(50, 'Tornquist', 1, 48, '2025-10-27 20:32:06', '2025-10-27 20:32:06'),
(51, 'San Cayetano', 1, 49, '2025-10-27 20:32:06', '2025-10-27 20:32:06'),
(52, 'San Isidro', 1, 50, '2025-10-27 20:32:06', '2025-10-27 20:32:06'),
(53, 'Moreno', 1, 51, '2025-10-27 20:32:06', '2025-10-27 20:32:06'),
(54, 'Baradero', 1, 52, '2025-10-27 20:32:06', '2025-10-27 20:32:06'),
(55, 'Florida', 1, 53, '2025-10-27 20:32:06', '2025-10-27 20:32:06'),
(56, 'Salliqueló', 1, 54, '2025-10-27 20:32:06', '2025-10-27 20:32:06'),
(57, 'Las Flores', 1, 55, '2025-10-27 20:32:06', '2025-10-27 20:32:06'),
(58, 'Adrogué', 1, 35, '2025-10-27 20:32:06', '2025-10-27 20:32:06'),
(59, 'Tandil', 1, 56, '2025-10-27 20:32:06', '2025-10-27 20:32:06'),
(60, 'Miramar', 1, 74, '2025-10-27 20:32:06', '2025-10-27 20:32:06'),
(61, 'Bahía Blanca', 1, 58, '2025-10-27 20:32:06', '2025-10-27 20:32:06'),
(62, 'Isidro Casanova', 1, 34, '2025-10-27 20:32:06', '2025-10-27 20:32:06'),
(63, 'González Catán', 1, 34, '2025-10-27 20:32:06', '2025-10-27 20:32:06'),
(64, 'Lanus Oeste', 1, 47, '2025-10-27 20:32:06', '2025-10-27 20:32:06'),
(65, 'Loma Hermosa', 1, 37, '2025-10-27 20:32:06', '2025-10-27 20:32:06'),
(66, 'Campana', 1, 60, '2025-10-27 20:32:06', '2025-10-27 20:32:06'),
(67, 'Villa Gesell', 1, 61, '2025-10-27 20:32:06', '2025-10-27 20:32:06'),
(68, 'Ameghino', 1, 62, '2025-10-27 20:32:06', '2025-10-27 20:32:06'),
(69, 'Lezama', 1, 63, '2025-10-27 20:32:06', '2025-10-27 20:32:06'),
(70, 'Guernica', 1, 64, '2025-10-27 20:32:06', '2025-10-27 20:32:06'),
(71, 'Roque Perez', 1, 65, '2025-10-27 20:32:06', '2025-10-27 20:32:06'),
(72, 'Villa Ramallo', 1, 66, '2025-10-27 20:32:06', '2025-10-27 20:32:06'),
(73, 'Tres Lomas', 1, 67, '2025-10-27 20:32:06', '2025-10-27 20:32:06'),
(74, 'Veronica', 1, 5, '2025-10-27 20:32:06', '2025-10-27 20:32:06'),
(75, 'Bragado', 1, 6, '2025-10-27 20:32:06', '2025-10-27 20:32:06'),
(76, 'San Nicolás de los Arroyos', 1, 7, '2025-10-27 20:32:06', '2025-10-27 20:32:06'),
(77, 'Carlos Casares', 1, 8, '2025-10-27 20:32:06', '2025-10-27 20:32:06'),
(78, 'Lomas de Zamora', 1, 9, '2025-10-27 20:32:06', '2025-10-27 20:32:06'),
(79, 'Los Toldos', 1, 10, '2025-10-27 20:32:06', '2025-10-27 20:32:06'),
(80, 'General Rodriguez', 1, 11, '2025-10-27 20:32:06', '2025-10-27 20:32:06'),
(81, 'Gral Madariaga', 1, 12, '2025-10-27 20:32:06', '2025-10-27 20:32:06'),
(82, 'Alejandro Korn', 1, 13, '2025-10-27 20:32:06', '2025-10-27 20:32:06'),
(83, 'Gral. Las Heras', 1, 14, '2025-10-27 20:32:06', '2025-10-27 20:32:06'),
(84, 'San Pedro', 1, 15, '2025-10-27 20:32:06', '2025-10-27 20:32:06'),
(85, 'Chascomús', 1, 16, '2025-10-27 20:32:06', '2025-10-27 20:32:06'),
(86, 'Coronel Suárez', 1, 17, '2025-10-27 20:32:06', '2025-10-27 20:32:06'),
(87, 'Zárate', 1, 18, '2025-10-27 20:32:06', '2025-10-27 20:32:06'),
(88, 'Morón', 1, 19, '2025-10-27 20:32:06', '2025-10-27 20:32:06'),
(89, 'La Plata', 1, 77, '2025-10-27 20:32:06', '2025-10-27 20:32:06'),
(90, 'Capitán Sarmiento', 1, 31, '2025-10-27 20:32:06', '2025-10-27 20:32:06'),
(91, 'Avellaneda', 1, 72, '2025-10-27 20:32:06', '2025-10-27 20:32:06'),
(92, 'San Nicolás de los Arroyos', 1, 73, '2025-10-27 20:32:06', '2025-10-27 20:32:06'),
(93, 'Gral. Madariaga', 1, 12, '2025-10-27 20:32:06', '2025-10-27 20:32:06'),
(94, 'San Nicolás de los Arroyos', 1, 73, '2025-10-27 20:32:06', '2025-10-27 20:32:06'),
(95, 'Miramar', 1, 74, '2025-10-27 20:32:06', '2025-10-27 20:32:06'),
(96, 'CABA', 2, 78, '2025-10-27 20:32:06', '2025-10-27 20:32:06'),
(97, 'Recreo', 3, 79, '2025-10-27 20:32:06', '2025-10-27 20:32:06'),
(98, 'Andalgala', 3, 80, '2025-10-27 20:32:06', '2025-10-27 20:32:06'),
(99, 'Belén', 3, 81, '2025-10-27 20:32:06', '2025-10-27 20:32:06'),
(100, 'Chumbicha', 3, 82, '2025-10-27 20:32:06', '2025-10-27 20:32:06'),
(101, 'Huillapima', 3, 82, '2025-10-27 20:32:06', '2025-10-27 20:32:06'),
(102, 'Miraflores', 3, 82, '2025-10-27 20:32:06', '2025-10-27 20:32:06'),
(103, 'Saujil', 3, 83, '2025-10-27 20:32:06', '2025-10-27 20:32:06'),
(104, 'San Isidro', 3, 86, '2025-10-27 20:32:06', '2025-10-27 20:32:06'),
(105, 'Juárez Celman', 6, 101, '2025-10-27 20:32:06', '2025-10-27 20:32:06'),
(106, 'MONTE BUEY', 6, 87, '2025-10-27 20:32:06', '2025-10-27 20:32:06'),
(107, 'Las Varillas', 6, 87, '2025-10-27 20:32:06', '2025-10-27 20:32:06'),
(108, 'Villa Santa Rosa', 6, 92, '2025-10-27 20:32:06', '2025-10-27 20:32:06'),
(109, 'Pozo del Molle', 6, 94, '2025-10-27 20:32:06', '2025-10-27 20:32:06'),
(110, 'Ucacha', 6, 95, '2025-10-27 20:32:06', '2025-10-27 20:32:06'),
(111, 'San Francisco', 6, 87, '2025-10-27 20:32:06', '2025-10-27 20:32:06'),
(112, 'Jesús María', 6, 101, '2025-10-27 20:32:06', '2025-10-27 20:32:06'),
(113, 'Oliva', 6, 102, '2025-10-27 20:32:06', '2025-10-27 20:32:06'),
(114, 'Cruz del eje', 6, 96, '2025-10-27 20:32:06', '2025-10-27 20:32:06'),
(115, 'Bell Ville', 6, 103, '2025-10-27 20:32:06', '2025-10-27 20:32:06'),
(116, 'San Francisco del Chañar', 6, 106, '2025-10-27 20:32:06', '2025-10-27 20:32:06'),
(117, 'Villa Maria', 6, 89, '2025-10-27 20:32:06', '2025-10-27 20:32:06'),
(118, 'Villa Carlos Paz', 6, 90, '2025-10-27 20:32:06', '2025-10-27 20:32:06'),
(119, 'Bell Ville', 6, 91, '2025-10-27 20:32:06', '2025-10-27 20:32:06'),
(120, 'Rio Primero', 6, 93, '2025-10-27 20:32:06', '2025-10-27 20:32:06'),
(121, 'Villa del Rosario', 6, 94, '2025-10-27 20:32:06', '2025-10-27 20:32:06'),
(122, 'La Carlota', 6, 95, '2025-10-27 20:32:06', '2025-10-27 20:32:06'),
(123, 'Cruz del Eje', 6, 96, '2025-10-27 20:32:06', '2025-10-27 20:32:06'),
(124, 'Córdoba', 6, 97, '2025-10-27 20:32:06', '2025-10-27 20:32:06'),
(125, 'Villa Dolores', 6, 98, '2025-10-27 20:32:06', '2025-10-27 20:32:06'),
(126, 'Rio Cuarto', 6, 99, '2025-10-27 20:32:06', '2025-10-27 20:32:06'),
(127, 'Villa del Rosario', 6, 100, '2025-10-27 20:32:06', '2025-10-27 20:32:06'),
(128, 'Jesús María', 6, 101, '2025-10-27 20:32:06', '2025-10-27 20:32:06'),
(129, 'Villa María', 6, 102, '2025-10-27 20:32:06', '2025-10-27 20:32:06'),
(130, 'Marcos Juárez', 6, 103, '2025-10-27 20:32:06', '2025-10-27 20:32:06'),
(131, 'Deán Funes', 6, 104, '2025-10-27 20:32:06', '2025-10-27 20:32:06'),
(132, 'Villa General Belgrano', 6, 105, '2025-10-27 20:32:06', '2025-10-27 20:32:06'),
(133, 'San Francisco del Chañar', 6, 106, '2025-10-27 20:32:06', '2025-10-27 20:32:06'),
(134, 'Brinkmann', 6, 87, '2025-10-27 20:32:06', '2025-10-27 20:32:06'),
(135, 'Cosquin', 6, 90, '2025-10-27 20:32:06', '2025-10-27 20:32:06'),
(136, 'Brinkmann', 6, 87, '2025-10-27 20:32:06', '2025-10-27 20:32:06'),
(137, 'Villa Carlos Paz', 6, 90, '2025-10-27 20:32:06', '2025-10-27 20:32:06'),
(138, 'Corrientes', 7, 107, '2025-10-27 20:32:06', '2025-10-27 20:32:06'),
(139, 'Curuzú Cuatiá', 7, 108, '2025-10-27 20:32:06', '2025-10-27 20:32:06'),
(140, 'Santo Tomé', 7, 109, '2025-10-27 20:32:06', '2025-10-27 20:32:06'),
(141, 'Esquina', 7, 110, '2025-10-27 20:32:06', '2025-10-27 20:32:06'),
(142, 'Mercedes', 7, 111, '2025-10-27 20:32:06', '2025-10-27 20:32:06'),
(143, 'Paso de los Libres', 7, 112, '2025-10-27 20:32:06', '2025-10-27 20:32:06'),
(144, 'Empedrado', 7, 113, '2025-10-27 20:32:06', '2025-10-27 20:32:06'),
(145, 'San Roque', 7, 114, '2025-10-27 20:32:06', '2025-10-27 20:32:06'),
(146, 'Saladas', 7, 118, '2025-10-27 20:32:06', '2025-10-27 20:32:06'),
(147, 'Nuestra Señora del Rosario de Caá Catí', 7, 115, '2025-10-27 20:32:06', '2025-10-27 20:32:06'),
(148, 'Santa Lucía', 7, 116, '2025-10-27 20:32:06', '2025-10-27 20:32:06'),
(149, 'Itatí', 7, 117, '2025-10-27 20:32:06', '2025-10-27 20:32:06'),
(150, 'Ensaladas', 7, 119, '2025-10-27 20:32:06', '2025-10-27 20:32:06'),
(151, 'Resistencia', 4, 120, '2025-10-27 20:32:06', '2025-10-27 20:32:06'),
(152, 'Presidencia Roque Sáenz Peña', 4, 121, '2025-10-27 20:32:06', '2025-10-27 20:32:06'),
(153, 'Pampa del Indio', 4, 129, '2025-10-27 20:32:06', '2025-10-27 20:32:06'),
(154, 'Villa Ángela', 4, 123, '2025-10-27 20:32:06', '2025-10-27 20:32:06'),
(155, 'Juan José Castelli', 4, 124, '2025-10-27 20:32:06', '2025-10-27 20:32:06'),
(156, 'Misión Nueva Pompeya', 4, 124, '2025-10-27 20:32:06', '2025-10-27 20:32:06'),
(157, 'Puerto Tirol', 4, 125, '2025-10-27 20:32:06', '2025-10-27 20:32:06'),
(158, 'Charata', 4, 126, '2025-10-27 20:32:06', '2025-10-27 20:32:06'),
(159, 'Puerto Bermejo', 4, 127, '2025-10-27 20:32:06', '2025-10-27 20:32:06'),
(160, 'La Leonesa', 4, 127, '2025-10-27 20:32:06', '2025-10-27 20:32:06'),
(161, 'Colonia Elisa', 4, 128, '2025-10-27 20:32:06', '2025-10-27 20:32:06'),
(162, 'Trelew', 5, 131, '2025-10-27 20:32:06', '2025-10-27 20:32:06'),
(163, 'Comodoro Rivadavia', 5, 132, '2025-10-27 20:32:06', '2025-10-27 20:32:06'),
(164, 'Puerto Madryn', 5, 133, '2025-10-27 20:32:06', '2025-10-27 20:32:06'),
(165, 'El Maitén', 5, 134, '2025-10-27 20:32:06', '2025-10-27 20:32:06'),
(166, 'Esquel', 5, 135, '2025-10-27 20:32:06', '2025-10-27 20:32:06'),
(167, 'Gaiman', 5, 136, '2025-10-27 20:32:06', '2025-10-27 20:32:06'),
(168, 'Gastre', 5, 137, '2025-10-27 20:32:06', '2025-10-27 20:32:06'),
(169, 'Tecka', 5, 138, '2025-10-27 20:32:06', '2025-10-27 20:32:06'),
(170, 'Las Plumas', 5, 139, '2025-10-27 20:32:06', '2025-10-27 20:32:06'),
(171, 'Paso de Indios', 5, 140, '2025-10-27 20:32:06', '2025-10-27 20:32:06'),
(172, 'Alto Río Senguerr', 5, 141, '2025-10-27 20:32:06', '2025-10-27 20:32:06'),
(173, 'Sarmiento', 5, 142, '2025-10-27 20:32:06', '2025-10-27 20:32:06'),
(174, 'José de San Martín', 5, 143, '2025-10-27 20:32:06', '2025-10-27 20:32:06'),
(175, 'Telsen', 5, 144, '2025-10-27 20:32:06', '2025-10-27 20:32:06'),
(176, 'Paraná', 8, 145, '2025-10-27 20:32:06', '2025-10-27 20:32:06'),
(177, 'Villa Paranacito', 8, 146, '2025-10-27 20:32:06', '2025-10-27 20:32:06'),
(178, 'San José de Feliciano', 8, 147, '2025-10-27 20:32:06', '2025-10-27 20:32:06'),
(179, 'Rosario del Tala', 8, 148, '2025-10-27 20:32:06', '2025-10-27 20:32:06'),
(180, 'Gualeguaychú', 8, 149, '2025-10-27 20:32:06', '2025-10-27 20:32:06'),
(181, 'Diamante', 8, 150, '2025-10-27 20:32:06', '2025-10-27 20:32:06'),
(182, 'Federal', 8, 151, '2025-10-27 20:32:06', '2025-10-27 20:32:06'),
(183, 'La Paz', 8, 152, '2025-10-27 20:32:06', '2025-10-27 20:32:06'),
(184, 'Nogoyá', 8, 153, '2025-10-27 20:32:06', '2025-10-27 20:32:06'),
(185, 'Hasenkamp', 8, 145, '2025-10-27 20:32:06', '2025-10-27 20:32:06'),
(186, 'Viale', 8, 145, '2025-10-27 20:32:06', '2025-10-27 20:32:06'),
(187, 'Concordia', 8, 154, '2025-10-27 20:32:06', '2025-10-27 20:32:06'),
(188, 'Gualeguay', 8, 155, '2025-10-27 20:32:06', '2025-10-27 20:32:06'),
(189, 'Victoria', 8, 156, '2025-10-27 20:32:06', '2025-10-27 20:32:06'),
(190, 'Villaguay', 8, 157, '2025-10-27 20:32:06', '2025-10-27 20:32:06'),
(191, 'Chajarí', 8, 158, '2025-10-27 20:32:06', '2025-10-27 20:32:06'),
(192, 'Libertador General San Martin', 10, 159, '2025-10-27 20:32:06', '2025-10-27 20:32:06'),
(193, 'Abra Pampa', 10, 160, '2025-10-27 20:32:06', '2025-10-27 20:32:06'),
(194, 'San Salvador de Jujuy', 10, 161, '2025-10-27 20:32:06', '2025-10-27 20:32:06'),
(195, 'San Pedro de Jujuy', 10, 162, '2025-10-27 20:32:06', '2025-10-27 20:32:06'),
(196, 'La Quiaca', 10, 163, '2025-10-27 20:32:06', '2025-10-27 20:32:06'),
(197, 'La Consulta', 13, 164, '2025-10-27 20:32:06', '2025-10-27 20:32:06'),
(198, 'Rodeo de la Cruz', 13, 168, '2025-10-27 20:32:06', '2025-10-27 20:32:06'),
(199, 'Mendoza', 13, 169, '2025-10-27 20:32:06', '2025-10-27 20:32:06'),
(200, 'San Rafael', 13, 170, '2025-10-27 20:32:06', '2025-10-27 20:32:06'),
(201, 'Tunuyán', 13, 171, '2025-10-27 20:32:06', '2025-10-27 20:32:06'),
(202, 'Rivadavia', 13, 172, '2025-10-27 20:32:06', '2025-10-27 20:32:06'),
(203, 'Luján de Cuyo', 13, 173, '2025-10-27 20:32:06', '2025-10-27 20:32:06'),
(204, 'Santa Rosa', 13, 174, '2025-10-27 20:32:06', '2025-10-27 20:32:06'),
(205, 'General Alvear', 13, 175, '2025-10-27 20:32:06', '2025-10-27 20:32:06'),
(206, 'San Martín', 13, 176, '2025-10-27 20:32:06', '2025-10-27 20:32:06'),
(207, 'Villa Tulumaya', 13, 177, '2025-10-27 20:32:06', '2025-10-27 20:32:06'),
(208, 'Tupungato', 13, 178, '2025-10-27 20:32:06', '2025-10-27 20:32:06'),
(209, 'Malargüe', 13, 179, '2025-10-27 20:32:06', '2025-10-27 20:32:06'),
(210, 'Maipú', 13, 180, '2025-10-27 20:32:06', '2025-10-27 20:32:06'),
(211, 'La Cieneguita', 13, 181, '2025-10-27 20:32:06', '2025-10-27 20:32:06'),
(212, 'Las Heras', 13, 181, '2025-10-27 20:32:06', '2025-10-27 20:32:06'),
(213, 'Godoy Cruz', 13, 182, '2025-10-27 20:32:06', '2025-10-27 20:32:06'),
(214, 'Chacras de Coria', 13, 173, '2025-10-27 20:32:06', '2025-10-27 20:32:06'),
(215, 'Las Catitas', 13, 174, '2025-10-27 20:32:06', '2025-10-27 20:32:06'),
(216, 'Ciudad', 13, 170, '2025-10-27 20:32:06', '2025-10-27 20:32:06'),
(217, 'Ciudad', 13, 175, '2025-10-27 20:32:06', '2025-10-27 20:32:06'),
(218, 'Colonia Junín', 13, 183, '2025-10-27 20:32:06', '2025-10-27 20:32:06'),
(219, 'Chacras de Coria', 13, 173, '2025-10-27 20:32:06', '2025-10-27 20:32:06'),
(220, 'Las Catitas', 13, 174, '2025-10-27 20:32:06', '2025-10-27 20:32:06'),
(221, 'Ciudad', 13, 170, '2025-10-27 20:32:06', '2025-10-27 20:32:06'),
(222, 'Ciudad', 13, 175, '2025-10-27 20:32:06', '2025-10-27 20:32:06'),
(223, 'Colonia Junín', 13, 183, '2025-10-27 20:32:06', '2025-10-27 20:32:06'),
(224, 'Leandro N. Alem', 14, 184, '2025-10-27 20:32:06', '2025-10-27 20:32:06'),
(225, 'Posadas', 14, 185, '2025-10-27 20:32:06', '2025-10-27 20:32:06'),
(226, 'Eldorado', 14, 186, '2025-10-27 20:32:06', '2025-10-27 20:32:06'),
(227, 'Puerto Iguazú', 14, 187, '2025-10-27 20:32:06', '2025-10-27 20:32:06'),
(228, 'Oberá', 14, 188, '2025-10-27 20:32:06', '2025-10-27 20:32:06'),
(229, 'San Ignacio', 14, 189, '2025-10-27 20:32:06', '2025-10-27 20:32:06'),
(230, 'Alba Posse', 14, 190, '2025-10-27 20:32:06', '2025-10-27 20:32:06'),
(231, 'Aristóbulo del Valle', 14, 191, '2025-10-27 20:32:06', '2025-10-27 20:32:06'),
(232, 'General José de San Martín', 14, 192, '2025-10-27 20:32:06', '2025-10-27 20:32:06'),
(233, 'Puerto Rico', 14, 192, '2025-10-27 20:32:06', '2025-10-27 20:32:06'),
(234, 'San Pedro', 14, 193, '2025-10-27 20:32:06', '2025-10-27 20:32:06'),
(235, 'Montecarlo', 14, 194, '2025-10-27 20:32:06', '2025-10-27 20:32:06'),
(236, 'San Javier', 14, 195, '2025-10-27 20:32:06', '2025-10-27 20:32:06'),
(237, 'El Soberbio', 14, 196, '2025-10-27 20:32:06', '2025-10-27 20:32:06'),
(238, 'San Martín', 14, 197, '2025-10-27 20:32:06', '2025-10-27 20:32:06'),
(239, 'Santa Ana', 14, 198, '2025-10-27 20:32:06', '2025-10-27 20:32:06'),
(240, 'Concepción de la Sierra', 14, 199, '2025-10-27 20:32:06', '2025-10-27 20:32:06'),
(241, 'Apóstoles', 14, 200, '2025-10-27 20:32:06', '2025-10-27 20:32:06'),
(242, 'Plaza Huincul', 15, 201, '2025-10-27 20:32:06', '2025-10-27 20:32:06'),
(243, 'Zapala', 15, 201, '2025-10-27 20:32:06', '2025-10-27 20:32:06'),
(244, 'Neuquén', 15, 201, '2025-10-27 20:32:06', '2025-10-27 20:32:06'),
(245, 'Zapala', 15, 202, '2025-10-27 20:32:06', '2025-10-27 20:32:06'),
(246, 'Villa La Angostura', 15, 203, '2025-10-27 20:32:06', '2025-10-27 20:32:06'),
(247, 'Picún Leufú', 15, 204, '2025-10-27 20:32:06', '2025-10-27 20:32:06'),
(248, 'San Martín de los Andes', 15, 205, '2025-10-27 20:32:06', '2025-10-27 20:32:06'),
(249, 'Junín de los Andes', 15, 206, '2025-10-27 20:32:06', '2025-10-27 20:32:06'),
(250, 'Aluminé', 15, 207, '2025-10-27 20:32:06', '2025-10-27 20:32:06'),
(251, 'Añelo', 15, 208, '2025-10-27 20:32:06', '2025-10-27 20:32:06'),
(252, 'Las Coloradas', 15, 209, '2025-10-27 20:32:06', '2025-10-27 20:32:06'),
(253, 'Chos Malal', 15, 210, '2025-10-27 20:32:06', '2025-10-27 20:32:06'),
(254, 'Piedra del Águila', 15, 211, '2025-10-27 20:32:06', '2025-10-27 20:32:06'),
(255, 'Loncopué', 15, 212, '2025-10-27 20:32:06', '2025-10-27 20:32:06'),
(256, 'Andacollo', 15, 213, '2025-10-27 20:32:06', '2025-10-27 20:32:06'),
(257, 'El Huecú', 15, 214, '2025-10-27 20:32:06', '2025-10-27 20:32:06'),
(258, 'Buta Ranquil', 15, 215, '2025-10-27 20:32:06', '2025-10-27 20:32:06'),
(259, 'Las Lajas', 15, 216, '2025-10-27 20:32:06', '2025-10-27 20:32:06'),
(260, 'General Roca', 16, 217, '2025-10-27 20:32:06', '2025-10-27 20:32:06'),
(261, 'Bariloche', 16, 230, '2025-10-27 20:32:06', '2025-10-27 20:32:06'),
(262, 'San Antonio Oeste', 16, 231, '2025-10-27 20:32:06', '2025-10-27 20:32:06'),
(263, 'Choele Choel', 16, 220, '2025-10-27 20:32:06', '2025-10-27 20:32:06'),
(264, 'El Cuy', 16, 221, '2025-10-27 20:32:06', '2025-10-27 20:32:06'),
(265, 'Maquinchao', 16, 232, '2025-10-27 20:32:06', '2025-10-27 20:32:06'),
(266, 'Río Colorado', 16, 223, '2025-10-27 20:32:06', '2025-10-27 20:32:06'),
(267, 'Valcheta', 16, 224, '2025-10-27 20:32:06', '2025-10-27 20:32:06'),
(268, 'Ñorquincó', 16, 233, '2025-10-27 20:32:06', '2025-10-27 20:32:06'),
(269, 'Pilcaniyeu', 16, 226, '2025-10-27 20:32:06', '2025-10-27 20:32:06'),
(270, 'Sierra Colorada', 16, 234, '2025-10-27 20:32:06', '2025-10-27 20:32:06'),
(271, 'Viedma', 16, 228, '2025-10-27 20:32:06', '2025-10-27 20:32:06'),
(272, 'Villa Regina', 16, 217, '2025-10-27 20:32:06', '2025-10-27 20:32:06'),
(273, 'Villa Regina', 16, 217, '2025-10-27 20:32:06', '2025-10-27 20:32:06'),
(274, 'Tartagal', 17, 235, '2025-10-27 20:32:06', '2025-10-27 20:32:06'),
(275, 'Embarcación', 17, 235, '2025-10-27 20:32:06', '2025-10-27 20:32:06'),
(276, 'Tartagal', 17, 235, '2025-10-27 20:32:06', '2025-10-27 20:32:06'),
(277, 'Salta', 17, 236, '2025-10-27 20:32:06', '2025-10-27 20:32:06'),
(278, 'Rosario de Lerma', 17, 237, '2025-10-27 20:32:06', '2025-10-27 20:32:06'),
(279, 'San Ramón de la Nueva Orán', 17, 238, '2025-10-27 20:32:06', '2025-10-27 20:32:06'),
(280, 'General Güemes', 17, 239, '2025-10-27 20:32:06', '2025-10-27 20:32:06'),
(281, 'Joaquín V. González', 17, 240, '2025-10-27 20:32:06', '2025-10-27 20:32:06'),
(282, 'El Carril', 17, 241, '2025-10-27 20:32:06', '2025-10-27 20:32:06'),
(283, 'Chicoana', 17, 241, '2025-10-27 20:32:06', '2025-10-27 20:32:06'),
(284, 'Rosario de la Frontera', 17, 242, '2025-10-27 20:32:06', '2025-10-27 20:32:06'),
(285, 'Cachi', 17, 243, '2025-10-27 20:32:06', '2025-10-27 20:32:06'),
(286, 'Gobernador Crespo', 21, 244, '2025-10-27 20:32:06', '2025-10-27 20:32:06'),
(287, 'Oliveros', 21, 245, '2025-10-27 20:32:06', '2025-10-27 20:32:06'),
(288, 'Rosario', 21, 246, '2025-10-27 20:32:06', '2025-10-27 20:32:06'),
(289, 'Santa Fe', 21, 247, '2025-10-27 20:32:06', '2025-10-27 20:32:06'),
(290, 'Venado Tuerto', 21, 248, '2025-10-27 20:32:06', '2025-10-27 20:32:06'),
(291, 'Esperanza', 21, 249, '2025-10-27 20:32:06', '2025-10-27 20:32:06'),
(292, 'San Lorenzo', 21, 250, '2025-10-27 20:32:06', '2025-10-27 20:32:06'),
(293, 'San Cristóbal', 21, 251, '2025-10-27 20:32:06', '2025-10-27 20:32:06'),
(294, 'Vera', 21, 252, '2025-10-27 20:32:06', '2025-10-27 20:32:06'),
(295, 'Reconquista', 21, 253, '2025-10-27 20:32:06', '2025-10-27 20:32:06'),
(296, 'Rafaela', 21, 254, '2025-10-27 20:32:06', '2025-10-27 20:32:06'),
(297, 'Sastre', 21, 255, '2025-10-27 20:32:06', '2025-10-27 20:32:06'),
(298, 'Tostado', 21, 256, '2025-10-27 20:32:06', '2025-10-27 20:32:06'),
(299, 'Coronda', 21, 257, '2025-10-27 20:32:06', '2025-10-27 20:32:06'),
(300, 'Casilda', 21, 258, '2025-10-27 20:32:06', '2025-10-27 20:32:06'),
(301, 'Las Rosas', 21, 259, '2025-10-27 20:32:06', '2025-10-27 20:32:06'),
(302, 'Ingeniero Forres', 22, 260, '2025-10-27 20:32:06', '2025-10-27 20:32:06'),
(303, 'Suncho Corral', 22, 281, '2025-10-27 20:32:06', '2025-10-27 20:32:06'),
(304, 'Loreto', 22, 282, '2025-10-27 20:32:06', '2025-10-27 20:32:06'),
(305, 'Añatuya', 22, 266, '2025-10-27 20:32:06', '2025-10-27 20:32:06'),
(306, 'Santiago del Estero', 22, 261, '2025-10-27 20:32:06', '2025-10-27 20:32:06'),
(307, 'La Banda', 22, 262, '2025-10-27 20:32:06', '2025-10-27 20:32:06'),
(308, 'Laprida', 22, 263, '2025-10-27 20:32:06', '2025-10-27 20:32:06'),
(309, 'Frías', 22, 264, '2025-10-27 20:32:06', '2025-10-27 20:32:06'),
(310, 'Añatuya', 22, 265, '2025-10-27 20:32:06', '2025-10-27 20:32:06'),
(311, 'Añatuya', 22, 266, '2025-10-27 20:32:06', '2025-10-27 20:32:06'),
(312, 'Suncho Corral', 22, 267, '2025-10-27 20:32:06', '2025-10-27 20:32:06'),
(313, 'Brea Pozo', 22, 284, '2025-10-27 20:32:06', '2025-10-27 20:32:06'),
(314, 'Villa Salavina', 22, 285, '2025-10-27 20:32:06', '2025-10-27 20:32:06'),
(315, 'Herrera', 22, 286, '2025-10-27 20:32:06', '2025-10-27 20:32:06'),
(316, 'San Pedro de Guasayán', 22, 271, '2025-10-27 20:32:06', '2025-10-27 20:32:06'),
(317, 'Monte Quemado', 22, 272, '2025-10-27 20:32:06', '2025-10-27 20:32:06'),
(318, 'Nueva Esperanza', 22, 273, '2025-10-27 20:32:06', '2025-10-27 20:32:06'),
(319, 'Pozo Hondo', 22, 274, '2025-10-27 20:32:06', '2025-10-27 20:32:06'),
(320, 'Villa Atamisqui', 22, 275, '2025-10-27 20:32:06', '2025-10-27 20:32:06'),
(321, 'Villa General Mitre', 22, 276, '2025-10-27 20:32:06', '2025-10-27 20:32:06'),
(322, 'Selva', 22, 277, '2025-10-27 20:32:06', '2025-10-27 20:32:06'),
(323, 'Villa Unión', 22, 278, '2025-10-27 20:32:06', '2025-10-27 20:32:06'),
(324, 'Sumampa', 22, 279, '2025-10-27 20:32:06', '2025-10-27 20:32:06'),
(325, 'Santo Domingo', 22, 280, '2025-10-27 20:32:06', '2025-10-27 20:32:06'),
(326, 'Villa Ojo de Agua', 22, 283, '2025-10-27 20:32:06', '2025-10-27 20:32:06'),
(327, 'Juan Francisco Borges', 22, 287, '2025-10-27 20:32:06', '2025-10-27 20:32:06'),
(328, 'Río Grande', 23, 288, '2025-10-27 20:32:06', '2025-10-27 20:32:06'),
(329, 'Ushuaia', 23, 289, '2025-10-27 20:32:06', '2025-10-27 20:32:06'),
(330, 'San Miguel de Tucumán', 24, 290, '2025-10-27 20:32:06', '2025-10-27 20:32:06'),
(331, 'La Ramada', 24, 295, '2025-10-27 20:32:06', '2025-10-27 20:32:06'),
(332, 'Delfin Gallo', 24, 307, '2025-10-27 20:32:06', '2025-10-27 20:32:06'),
(333, 'Amaicha del Valle', 24, 303, '2025-10-27 20:32:06', '2025-10-27 20:32:06'),
(334, 'Santa Rosa de Leales', 24, 298, '2025-10-27 20:32:06', '2025-10-27 20:32:06'),
(335, 'CONCEPCION', 24, 291, '2025-10-27 20:32:06', '2025-10-27 20:32:06'),
(336, 'Monteros', 24, 292, '2025-10-27 20:32:06', '2025-10-27 20:32:06'),
(337, 'Tafí Viejo', 24, 293, '2025-10-27 20:32:06', '2025-10-27 20:32:06'),
(338, 'Banda del Río Salí', 24, 307, '2025-10-27 20:32:06', '2025-10-27 20:32:06'),
(339, 'Burruyacú', 24, 295, '2025-10-27 20:32:06', '2025-10-27 20:32:06'),
(340, 'Trancas', 24, 296, '2025-10-27 20:32:06', '2025-10-27 20:32:06'),
(341, 'Yerba Buena', 24, 297, '2025-10-27 20:32:06', '2025-10-27 20:32:06'),
(342, 'Bella Vista', 24, 298, '2025-10-27 20:32:06', '2025-10-27 20:32:06'),
(343, 'Lules', 24, 299, '2025-10-27 20:32:06', '2025-10-27 20:32:06'),
(344, 'Famaillá', 24, 300, '2025-10-27 20:32:06', '2025-10-27 20:32:06'),
(345, 'Aguilares', 24, 301, '2025-10-27 20:32:06', '2025-10-27 20:32:06'),
(346, 'Simoca', 24, 302, '2025-10-27 20:32:06', '2025-10-27 20:32:06'),
(347, 'Tafí del Valle', 24, 303, '2025-10-27 20:32:06', '2025-10-27 20:32:06'),
(348, 'Graneros', 24, 304, '2025-10-27 20:32:06', '2025-10-27 20:32:06'),
(349, 'La Cocha', 24, 305, '2025-10-27 20:32:06', '2025-10-27 20:32:06'),
(350, 'Juan B. Alberdi', 24, 306, '2025-10-27 20:32:06', '2025-10-27 20:32:06'),
(351, 'Los Ralos', 24, 307, '2025-10-27 20:32:06', '2025-10-27 20:32:06'),
(352, 'Villa de Trancas', 24, 296, '2025-10-27 20:32:06', '2025-10-27 20:32:06');


--
-- Volcado de datos para la tabla `users`
--

INSERT INTO `users` (`id`, `name`, `email`, `email_verified_at`, `password`, `remember_token`, `created_at`, `updated_at`, `rol_id`, `login_user_name`) VALUES
(1, 'Administrador', 'admin@correo.com', '2025-10-27 20:58:22', '$2y$12$CDpPxUSe3NzeoKolSWXbgu3o/OvVbBKb509ZgD0LOuD/rUAgocfEG', 'upKhNMrvuP', '2025-10-27 20:58:22', '2025-10-27 20:58:22', 1, 'admin'),
(2, 'Supervisor', 'supervisor@correo.com', '2025-10-27 20:58:22', '$2y$12$rtHVWPuD1NGNe.OVByTjjO.NMNiFQanbYNt/.ua4CFLe6Uf1EI1NW', 'h5mDyHeMZ6', '2025-10-27 20:58:22', '2025-10-27 20:58:22', 2, 'supervisor');

--
-- Fin de las inserciones
--

COMMIT; 

/*!40101 SET CHARACTER_SET_CLIENT=@OLD_CHARACTER_SET_CLIENT */;
/*!40101 SET CHARACTER_SET_RESULTS=@OLD_CHARACTER_SET_RESULTS */;
/*!40101 SET COLLATION_CONNECTION=@OLD_COLLATION_CONNECTION */;